id,vegetable_name,nutrition_name,amount
1,だいこん,ビタミンC,5.2
2,だいこん,ビタミンE,0.4
3,だいこん,βカロテン,0
4,だいこん,カルシウム,10
5,だいこん,カリウム,300
6,だいこん,食物繊維,1.5
7,かぶ,ビタミンC,20
8,かぶ,ビタミンE,0.1
9,かぶ,βカロテン,0
10,かぶ,カルシウム,25
11,かぶ,カリウム,230
12,かぶ,食物繊維,1
13,にんじん,ビタミンC,7
14,にんじん,ビタミンE,0.3
15,にんじん,βカロテン,8
16,にんじん,カルシウム,30
17,にんじん,カリウム,200
18,にんじん,食物繊維,2.8
19,ごぼう,ビタミンC,5
20,ごぼう,ビタミンE,1.2
21,ごぼう,βカロテン,0.5
22,ごぼう,カルシウム,30
23,ごぼう,カリウム,450
24,ごぼう,食物繊維,5
25,たけのこ,ビタミンC,2.5
26,たけのこ,ビタミンE,0.2
27,たけのこ,βカロテン,0
28,たけのこ,カルシウム,5
29,たけのこ,カリウム,250
30,たけのこ,食物繊維,3
31,れんこん,ビタミンC,40
32,れんこん,ビタミンE,1
33,れんこん,βカロテン,2
34,れんこん,カルシウム,30
35,れんこん,カリウム,500
36,れんこん,食物繊維,4
37,はくさい,ビタミンC,40
38,はくさい,ビタミンE,0.6
39,はくさい,βカロテン,10
40,はくさい,カルシウム,60
41,はくさい,カリウム,350
42,はくさい,食物繊維,1
43,みずな,ビタミンC,25
44,みずな,ビタミンE,0.5
45,みずな,βカロテン,3
46,みずな,カルシウム,100
47,みずな,カリウム,300
48,みずな,食物繊維,2
49,こまつな,ビタミンC,40
50,こまつな,ビタミンE,0.8
51,こまつな,βカロテン,2.5
52,こまつな,カルシウム,90
53,こまつな,カリウム,330
54,こまつな,食物繊維,2.2
55,ちんげんさい,ビタミンC,30
56,ちんげんさい,ビタミンE,1
57,ちんげんさい,βカロテン,5
58,ちんげんさい,カルシウム,80
59,ちんげんさい,カリウム,420
60,ちんげんさい,食物繊維,2.5
61,キャベツ,ビタミンC,60
62,キャベツ,ビタミンE,0.9
63,キャベツ,βカロテン,30
64,キャベツ,カルシウム,60
65,キャベツ,カリウム,450
66,キャベツ,食物繊維,3
67,ほうれんそう,ビタミンC,50
68,ほうれんそう,ビタミンE,2
69,ほうれんそう,βカロテン,50
70,ほうれんそう,カルシウム,100
71,ほうれんそう,カリウム,500
72,ほうれんそう,食物繊維,4
73,ねぎ,ビタミンC,20
74,ねぎ,ビタミンE,0.4
75,ねぎ,βカロテン,3
76,ねぎ,カルシウム,40
77,ねぎ,カリウム,350
78,ねぎ,食物繊維,1.5
79,ふき,ビタミンC,10
80,ふき,ビタミンE,0.3
81,ふき,βカロテン,1
82,ふき,カルシウム,40
83,ふき,カリウム,250
84,ふき,食物繊維,3.5
85,うど,ビタミンC,3
86,うど,ビタミンE,0.2
87,うど,βカロテン,0
88,うど,カルシウム,15
89,うど,カリウム,180
90,うど,食物繊維,2
91,みつば,ビタミンC,20
92,みつば,ビタミンE,0.4
93,みつば,βカロテン,3
94,みつば,カルシウム,75
95,みつば,カリウム,300
96,みつば,食物繊維,1.8
97,しゅんぎく,ビタミンC,40
98,しゅんぎく,ビタミンE,0.9
99,しゅんぎく,βカロテン,8
100,しゅんぎく,カルシウム,100
101,しゅんぎく,カリウム,350
102,しゅんぎく,食物繊維,2.2
103,にら,ビタミンC,25
104,にら,ビタミンE,1
105,にら,βカロテン,10
106,にら,カルシウム,70
107,にら,カリウム,200
108,にら,食物繊維,1.5
109,セルリー,ビタミンC,10
110,セルリー,ビタミンE,0.3
111,セルリー,βカロテン,3
112,セルリー,カルシウム,40
113,セルリー,カリウム,350
114,セルリー,食物繊維,1.5
115,アスパラガス,ビタミンC,10
116,アスパラガス,ビタミンE,1.5
117,アスパラガス,βカロテン,6
118,アスパラガス,カルシウム,25
119,アスパラガス,カリウム,300
120,アスパラガス,食物繊維,2.5
121,カリフラワー,ビタミンC,48
122,カリフラワー,ビタミンE,0.8
123,カリフラワー,βカロテン,0
124,カリフラワー,カルシウム,20
125,カリフラワー,カリウム,320
126,カリフラワー,食物繊維,2
127,ブロッコリー,ビタミンC,89
128,ブロッコリー,ビタミンE,1.5
129,ブロッコリー,βカロテン,6
130,ブロッコリー,カルシウム,60
131,ブロッコリー,カリウム,450
132,ブロッコリー,食物繊維,3.8
133,レタス,ビタミンC,10
134,レタス,ビタミンE,0.4
135,レタス,βカロテン,2
136,レタス,カルシウム,30
137,レタス,カリウム,200
138,レタス,食物繊維,1
139,パセリ,ビタミンC,133
140,パセリ,ビタミンE,1
141,パセリ,βカロテン,120
142,パセリ,カルシウム,150
143,パセリ,カリウム,400
144,パセリ,食物繊維,3.6
145,きゅうり,ビタミンC,8
146,きゅうり,ビタミンE,0.1
147,きゅうり,βカロテン,2
148,きゅうり,カルシウム,18
149,きゅうり,カリウム,300
150,きゅうり,食物繊維,1.5
151,かぼちゃ,ビタミンC,20
152,かぼちゃ,ビタミンE,1
153,かぼちゃ,βカロテン,750
154,かぼちゃ,カルシウム,40
155,かぼちゃ,カリウム,300
156,かぼちゃ,食物繊維,3
157,なす,ビタミンC,4
158,なす,ビタミンE,0.3
159,なす,βカロテン,0
160,なす,カルシウム,10
161,なす,カリウム,200
162,なす,食物繊維,2
163,トマト,ビタミンC,18
164,トマト,ビタミンE,0.5
165,トマト,βカロテン,50
166,トマト,カルシウム,18
167,トマト,カリウム,300
168,トマト,食物繊維,1.5
169,ミニトマト,ビタミンC,15
170,ミニトマト,ビタミンE,0.3
171,ミニトマト,βカロテン,30
172,ミニトマト,カルシウム,15
173,ミニトマト,カリウム,250
174,ミニトマト,食物繊維,1
175,ピーマン,ビタミンC,120
176,ピーマン,ビタミンE,1.2
177,ピーマン,βカロテン,50
178,ピーマン,カルシウム,20
179,ピーマン,カリウム,200
180,ピーマン,食物繊維,2
181,ししとうがらし,ビタミンC,120
182,ししとうがらし,ビタミンE,1.5
183,ししとうがらし,βカロテン,30
184,ししとうがらし,カルシウム,40
185,ししとうがらし,カリウム,200
186,ししとうがらし,食物繊維,1.5
187,スイートコーン,ビタミンC,6
188,スイートコーン,ビタミンE,0.4
189,スイートコーン,βカロテン,1
190,スイートコーン,カルシウム,10
191,スイートコーン,カリウム,250
192,スイートコーン,食物繊維,2
193,さやいんげん,ビタミンC,10
194,さやいんげん,ビタミンE,0.5
195,さやいんげん,βカロテン,20
196,さやいんげん,カルシウム,30
197,さやいんげん,カリウム,300
198,さやいんげん,食物繊維,3
199,さやえんどう,ビタミンC,50
200,さやえんどう,ビタミンE,0.7
201,さやえんどう,βカロテン,3
202,さやえんどう,カルシウム,25
203,さやえんどう,カリウム,350
204,さやえんどう,食物繊維,2.5
205,実えんどう,ビタミンC,60
206,実えんどう,ビタミンE,1
207,実えんどう,βカロテン,10
208,実えんどう,カルシウム,30
209,実えんどう,カリウム,400
210,実えんどう,食物繊維,4
211,そらまめ,ビタミンC,25
212,そらまめ,ビタミンE,1.5
213,そらまめ,βカロテン,10
214,そらまめ,カルシウム,50
215,そらまめ,カリウム,450
216,そらまめ,食物繊維,3
217,えだまめ,ビタミンC,15
218,えだまめ,ビタミンE,0.5
219,えだまめ,βカロテン,15
220,えだまめ,カルシウム,40
221,えだまめ,カリウム,500
222,えだまめ,食物繊維,5
223,かんしょ,ビタミンC,20
224,かんしょ,ビタミンE,0.2
225,かんしょ,βカロテン,3
226,かんしょ,カルシウム,30
227,かんしょ,カリウム,700
228,かんしょ,食物繊維,4.5
229,ばれいしょ,ビタミンC,30
230,ばれいしょ,ビタミンE,0.2
231,ばれいしょ,βカロテン,0
232,ばれいしょ,カルシウム,20
233,ばれいしょ,カリウム,500
234,ばれいしょ,食物繊維,2
235,さといも,ビタミンC,20
236,さといも,ビタミンE,0.2
237,さといも,βカロテン,0
238,さといも,カルシウム,60
239,さといも,カリウム,600
240,さといも,食物繊維,3
241,やまのいも,ビタミンC,12
242,やまのいも,ビタミンE,0.1
243,やまのいも,βカロテン,5
244,やまのいも,カルシウム,10
245,やまのいも,カリウム,200
246,やまのいも,食物繊維,2.5
247,たまねぎ,ビタミンC,8
248,たまねぎ,ビタミンE,0.1
249,たまねぎ,βカロテン,0
250,たまねぎ,カルシウム,30
251,たまねぎ,カリウム,150
252,たまねぎ,食物繊維,2
253,にんにく,ビタミンC,31
254,にんにく,ビタミンE,0.3
255,にんにく,βカロテン,0
256,にんにく,カルシウム,18
257,にんにく,カリウム,400
258,にんにく,食物繊維,1.5
259,しょうが,ビタミンC,5
260,しょうが,ビタミンE,0.3
261,しょうが,βカロテン,0
262,しょうが,カルシウム,15
263,しょうが,カリウム,350
264,しょうが,食物繊維,2.5
265,生しいたけ,ビタミンC,5
266,生しいたけ,ビタミンE,0.5
267,生しいたけ,βカロテン,2
268,生しいたけ,カルシウム,4
269,生しいたけ,カリウム,250
270,生しいたけ,食物繊維,2
271,なめこ,ビタミンC,4
272,なめこ,ビタミンE,0.2
273,なめこ,βカロテン,0
274,なめこ,カルシウム,3
275,なめこ,カリウム,180
276,なめこ,食物繊維,1.5
277,えのきだけ,ビタミンC,7
278,えのきだけ,ビタミンE,0.2
279,えのきだけ,βカロテン,0
280,えのきだけ,カルシウム,3
281,えのきだけ,カリウム,180
282,えのきだけ,食物繊維,3
283,しめじ,ビタミンC,6
284,しめじ,ビタミンE,0.1
285,しめじ,βカロテン,0
286,しめじ,カルシウム,2
287,しめじ,カリウム,250
288,しめじ,食物繊維,2